{"info":{"year":"2025","version":"1","description":"Exported from roboflow.com","contributor":"","url":"https://public.roboflow.com/object-detection/undefined","date_created":"2025-11-26T09:03:30+00:00"},"licenses":[{"id":1,"url":"https://creativecommons.org/licenses/by/4.0/","name":"CC BY 4.0"}],"categories":[{"id":0,"name":"test","supercategory":"none"},{"id":1,"name":"almond","supercategory":"test"},{"id":2,"name":"flower","supercategory":"test"},{"id":3,"name":"giraffe","supercategory":"test"},{"id":4,"name":"zebra","supercategory":"test"}],"images":[{"id":0,"license":1,"file_name":"000000000030_jpg.rf.c67d0ae0df55c0e42ccce6de45cb4828.jpg","height":512,"width":512,"date_captured":"2025-11-26T09:03:30+00:00","extra":{"name":"000000000030.jpg"}},{"id":1,"license":1,"file_name":"000000000025_jpg.rf.cdf6be20bb630441613a46e390ba7a0a.jpg","height":512,"width":512,"date_captured":"2025-11-26T09:03:30+00:00","extra":{"name":"000000000025.jpg"}},{"id":2,"license":1,"file_name":"000000000009_jpg.rf.3d732a6f8f0c894fe4d3f21a778631c9.jpg","height":512,"width":512,"date_captured":"2025-11-26T09:03:30+00:00","extra":{"name":"000000000009.jpg"}},{"id":3,"license":1,"file_name":"000000000034_jpg.rf.3856fb044138f25f73fd4604b3c8832c.jpg","height":512,"width":512,"date_captured":"2025-11-26T09:03:30+00:00","extra":{"name":"000000000034.jpg"}}],"annotations":[{"id":1,"image_id":0,"category_id":2,"bbox":[166,44,199.2,372.037],"area":74109.847,"segmentation":[[172,180.636,184.8,199.776,179.2,217.72,236.8,355.29,234.4,363.664,214.4,388.785,214.4,400.748,221.6,409.121,243.2,416.299,275.2,416.299,297.6,407.925,302.4,392.374,282.4,362.467,278.4,342.131,340,228.486,344,227.29,348.8,191.402,354.4,186.617,364,161.495,361.6,144.748,365.6,135.178,356.8,122.019,360,100.486,354.4,94.505,342.4,93.308,334.4,76.561,317.6,70.579,300.8,74.168,292,68.187,284.8,52.636,280,65.794,264.8,64.598,253.6,51.439,249.6,52.636,248.8,45.458,245.6,44.262,252.8,66.991,241.6,72.972,235.2,65.794,231.2,69.383,208,69.383,198.4,80.15,191.2,96.897,180,94.505,166.4,118.43,168.8,154.318,176.8,160.299,179.2,172.262,172,180.636]],"iscrowd":0},{"id":2,"image_id":1,"category_id":3,"bbox":[309,82,165.5,354],"area":58587,"segmentation":[],"iscrowd":0},{"id":3,"image_id":2,"category_id":1,"bbox":[120,98,42.5,66.5],"area":2826.25,"segmentation":[],"iscrowd":0},{"id":4,"image_id":3,"category_id":4,"bbox":[0,30,352,437.5],"area":154000,"segmentation":[],"iscrowd":0}]}