<annotation>
	<folder></folder>
	<filename>000000000025_jpg.rf.cdf6be20bb630441613a46e390ba7a0a.jpg</filename>
	<path>000000000025_jpg.rf.cdf6be20bb630441613a46e390ba7a0a.jpg</path>
	<source>
		<database>roboflow.com</database>
	</source>
	<size>
		<width>512</width>
		<height>512</height>
		<depth>3</depth>
	</size>
	<segmented>0</segmented>
	<object>
		<name>giraffe</name>
		<pose>Unspecified</pose>
		<truncated>0</truncated>
		<difficult>0</difficult>
		<occluded>0</occluded>
		<bndbox>
			<xmin>310</xmin>
			<xmax>475</xmax>
			<ymin>83</ymin>
			<ymax>437</ymax>
		</bndbox>
	</object>
	<metadata>
	</metadata>
</annotation>
