<annotation>
	<folder></folder>
	<filename>000000000009_jpg.rf.3d732a6f8f0c894fe4d3f21a778631c9.jpg</filename>
	<path>000000000009_jpg.rf.3d732a6f8f0c894fe4d3f21a778631c9.jpg</path>
	<source>
		<database>roboflow.com</database>
	</source>
	<size>
		<width>512</width>
		<height>512</height>
		<depth>3</depth>
	</size>
	<segmented>0</segmented>
	<object>
		<name>almond</name>
		<pose>Unspecified</pose>
		<truncated>0</truncated>
		<difficult>0</difficult>
		<occluded>0</occluded>
		<bndbox>
			<xmin>121</xmin>
			<xmax>164</xmax>
			<ymin>99</ymin>
			<ymax>166</ymax>
		</bndbox>
	</object>
	<metadata>
	</metadata>
</annotation>
