<annotation>
	<folder></folder>
	<filename>000000000034_jpg.rf.3856fb044138f25f73fd4604b3c8832c.jpg</filename>
	<path>000000000034_jpg.rf.3856fb044138f25f73fd4604b3c8832c.jpg</path>
	<source>
		<database>roboflow.com</database>
	</source>
	<size>
		<width>512</width>
		<height>512</height>
		<depth>3</depth>
	</size>
	<segmented>0</segmented>
	<object>
		<name>zebra</name>
		<pose>Unspecified</pose>
		<truncated>0</truncated>
		<difficult>0</difficult>
		<occluded>0</occluded>
		<bndbox>
			<xmin>1</xmin>
			<xmax>353</xmax>
			<ymin>31</ymin>
			<ymax>469</ymax>
		</bndbox>
	</object>
	<metadata>
	</metadata>
</annotation>
